url_openalex	primary_location_id	primary_location_display_name	primary_location_issn_l	primary_location_is_oa	primary_location_version	primary_location_license	is_oa	oa_status	oa_url	doi_openalex	pmid_openalex	date_openalex	type	is_retracted	biblio_issue	biblio_first_page	biblio_volume	biblio_last_page	PMID	DOI	ID_OPENALEX	OPENALEX
https://openalex.org/W2270743897	https://openalex.org/S4306525036	PubMed		False			True	hybrid		https://doi.org/10.1007/s40266-017-0457-7	https://pubmed.ncbi.nlm.nih.gov/28349413	2017	erratum	False	5	413	34	413	28349413	10.1007/S40266-017-0457-7	W2270743897	1
https://openalex.org/W4210578593	https://openalex.org/S37256505	Drugs & aging	1170-229X	True	publishedVersion		True	bronze	https://link.springer.com/content/pdf/10.1007%2Fs40266-017-0457-7.pdf	https://doi.org/10.1007/s40266-017-0457-7	https://pubmed.ncbi.nlm.nih.gov/28349413	2017	erratum	False	5	413	34	413	28349413	10.1007/S40266-017-0457-7	W4210578593	1
https://openalex.org/W4200246644	https://openalex.org/S4306525036	PubMed		False			False	closed		https://doi.org/10.7326/m21-2625	https://pubmed.ncbi.nlm.nih.gov/34904857	2022	article	False	2	244	175	255	34904857	10.7326/M21-2625	W4200246644	1
https://openalex.org/W4200292381	https://openalex.org/S119722071	Annals of internal medicine	0003-4819	False			False	closed		https://doi.org/10.7326/m21-2625	https://pubmed.ncbi.nlm.nih.gov/34904857	2022	preprint	False	2	244	175	255	34904857	10.7326/M21-2625	W4200292381	1
https://openalex.org/W2195668156	https://openalex.org/S4306525036	PubMed		False			False	closed			https://pubmed.ncbi.nlm.nih.gov/26550543	2015	article	False	5	527	5	47	26550543		W2195668156	1
https://openalex.org/W3116762035	https://openalex.org/S2764345769	American journal of nuclear medicine and molecular imaging	2160-8407	False			False	closed			https://pubmed.ncbi.nlm.nih.gov/33329937	2020	article	False	6	349	10	374	33329937		W3116762035	1
https://openalex.org/W2413548065	https://openalex.org/S4306525036	PubMed		False			False	closed			https://pubmed.ncbi.nlm.nih.gov/27254400	2016	article	False	3	83	44	92	27254400		W2413548065	1
https://openalex.org/W2800043727	https://openalex.org/S4306525036	PubMed		False			False	closed			https://pubmed.ncbi.nlm.nih.gov/29350513	2018	article	False	1	e1	24	e8	29350513		W2800043727	1
https://openalex.org/W2654380125	https://openalex.org/S4306402512	HAL (Le Centre pour la Communication Scientifique Directe)		False			False	closed			https://pubmed.ncbi.nlm.nih.gov/28674594	2017	article	False	4	487	10	496	28674594		W2654380125	1
https://openalex.org/W4226248948							True	hybrid			https://pubmed.ncbi.nlm.nih.gov/34845167	2022	article	False	3	252	39	260	34845167		W4226248948	1
https://openalex.org/W773586911	https://openalex.org/S4306525036	PubMed		False			False	closed			https://pubmed.ncbi.nlm.nih.gov/26125255	2015	article	False	11	1964	19	72	26125255		W773586911	1
https://openalex.org/W2427859625	https://openalex.org/S4306525036	PubMed		False			False	closed			https://pubmed.ncbi.nlm.nih.gov/26958211	2015	article	False		756	2015	65	26958211		W2427859625	1
https://openalex.org/W2912159870	https://openalex.org/S4306525036	PubMed		False			False	closed			https://pubmed.ncbi.nlm.nih.gov/30042868	2018	article	False	3	159	8	168	30042868		W2912159870	1
https://openalex.org/W3114763295	https://openalex.org/S4306401280	DOAJ (DOAJ: Directory of Open Access Journals)		False			True	green	https://cdr.lib.unc.edu/downloads/dn39x937f		https://pubmed.ncbi.nlm.nih.gov/33390688	2020	article	False	2	7	22	20	33390688		W3114763295	1
https://openalex.org/W2540372158	https://openalex.org/S4306525036	PubMed		False			False	closed			https://pubmed.ncbi.nlm.nih.gov/27663817	2016	article	False	Suppl-1	103	28	107	27663817		W2540372158	1
https://openalex.org/W2981290568	https://openalex.org/S4306525036	PubMed		False			False	closed			https://pubmed.ncbi.nlm.nih.gov/30834730	2019	article	False	1	39	32	42	30834730		W2981290568	1
https://openalex.org/W2995669895	https://openalex.org/S4306525036	PubMed		False			False	closed			https://pubmed.ncbi.nlm.nih.gov/31770089	2019	article	False	3	455	38	466	31770089		W2995669895	1
https://openalex.org/W3021149191	https://openalex.org/S4306525036	PubMed		False			False	closed			https://pubmed.ncbi.nlm.nih.gov/31268257	2019	article	False	656	1282	15	1285	31268257		W3021149191	1
https://openalex.org/W2414724264	https://openalex.org/S4306525036	PubMed		False			False	closed			https://pubmed.ncbi.nlm.nih.gov/27160112	2016	article	False	8	1439	20	44	27160112		W2414724264	1
https://openalex.org/W2818431780	https://openalex.org/S4306525036	PubMed		False			False	closed			https://pubmed.ncbi.nlm.nih.gov/29375041	2017	article	False	5	669	68	681	29375041		W2818431780	1
https://openalex.org/W2995934599	https://openalex.org/S4306525036	PubMed		False			False	closed			https://pubmed.ncbi.nlm.nih.gov/29039370	2017	article	False		23	244	27	29039370		W2995934599	1
https://openalex.org/W2798513723	https://openalex.org/S4306525036	PubMed		False			False	closed			https://pubmed.ncbi.nlm.nih.gov/29678012	2018	article	False		506	247	510	29678012		W2798513723	1
https://openalex.org/W2911449776	https://openalex.org/S4306525036	PubMed		False			False	closed			https://pubmed.ncbi.nlm.nih.gov/29847959	2018	article	False	6	e5	39	e8	29847959		W2911449776	1
https://openalex.org/W2986207165	https://openalex.org/S4306525036	PubMed		False			False	closed			https://pubmed.ncbi.nlm.nih.gov/29791695	2018	article	False		119	32	124	29791695		W2986207165	1
https://openalex.org/W2290502270	https://openalex.org/S4306525036	PubMed		False			False	closed			https://pubmed.ncbi.nlm.nih.gov/26924855	2015	article	False		61	263	85	26924855		W2290502270	1
https://openalex.org/W2405235148	https://openalex.org/S4306525036	PubMed		False			False	closed			https://pubmed.ncbi.nlm.nih.gov/27225569	2016	article	False		141	224	5	27225569		W2405235148	1
https://openalex.org/W2468259985	https://openalex.org/S4306525036	PubMed		False			False	closed			https://pubmed.ncbi.nlm.nih.gov/27332296	2016	article	False		656	225	7	27332296		W2468259985	1
https://openalex.org/W2996090681	https://openalex.org/S4306525036	PubMed		False			False	closed			https://pubmed.ncbi.nlm.nih.gov/31545766	2019	article	False	3	225	27	238	31545766		W2996090681	1
https://openalex.org/W3005071856	https://openalex.org/S4306525036	PubMed		False			False	closed			https://pubmed.ncbi.nlm.nih.gov/31969230	2020	article	False	5	964	38	972	31969230		W3005071856	1
https://openalex.org/W2234680212							False	closed			https://pubmed.ncbi.nlm.nih.gov/28806042	2016	book	False					28806042		W2234680212	1
https://openalex.org/W2515289919	https://openalex.org/S4306525036	PubMed		False			False	closed			https://pubmed.ncbi.nlm.nih.gov/27466508	2016	article	False	8	4019	36	32	27466508		W2515289919	1
https://openalex.org/W2340676470	https://openalex.org/S4306525036	PubMed		False			False	closed			https://pubmed.ncbi.nlm.nih.gov/25600547	2015	article	False	1	155	29	60	25600547		W2340676470	1
https://openalex.org/W3126628998				False			False	closed			https://pubmed.ncbi.nlm.nih.gov/33520372	2021	article	False	1	251	11	263	33520372		W3126628998	1
https://openalex.org/W4225284377							True	hybrid			https://pubmed.ncbi.nlm.nih.gov/35025817	2022	article	False	5	675	36	682	35025817		W4225284377	1
https://openalex.org/W4289542248	https://openalex.org/S4306401280	DOAJ (DOAJ: Directory of Open Access Journals)		False			True	green	https://archive-ouverte.unige.ch/unige:110973/ATTACHMENT01		https://pubmed.ncbi.nlm.nih.gov/30231151	2018	article	False	2	47	20	54	30231151		W4289542248	1
https://openalex.org/W2406199990	https://openalex.org/S4306525036	PubMed		False			False	closed			https://pubmed.ncbi.nlm.nih.gov/27093769	2016	article	False	1	3	29	9	27093769		W2406199990	1
https://openalex.org/W2468155697	https://openalex.org/S4306525036	PubMed		False			False	closed			https://pubmed.ncbi.nlm.nih.gov/27127144	2016	article	False	5	2359	36	64	27127144		W2468155697	1
https://openalex.org/W2493881698	https://openalex.org/S4306525036	PubMed		False			False	closed			https://pubmed.ncbi.nlm.nih.gov/27323275	2016	article	False	5	321	50	8	27323275		W2493881698	1
https://openalex.org/W2786619678	https://openalex.org/S4306525036	PubMed		False			False	closed			https://pubmed.ncbi.nlm.nih.gov/29039368	2017	article	False		13	244	17	29039368		W2786619678	1
https://openalex.org/W3030645360	https://openalex.org/S4306525036	PubMed		False			False	closed			https://pubmed.ncbi.nlm.nih.gov/32470242	2020	article	False	3	157	33	160	32470242		W3030645360	1
https://openalex.org/W2892264659							False	closed			https://pubmed.ncbi.nlm.nih.gov/30231151	2018	article	False	2	47	20	54	30231151		W2892264659	1
https://openalex.org/W2979815066	https://openalex.org/S4306525036	PubMed		False			False	closed			https://pubmed.ncbi.nlm.nih.gov/31237343	2019	article	False		138	35	142	31237343		W2979815066	1
https://openalex.org/W3122775396	https://openalex.org/S4306525036	PubMed		False			False	closed			https://pubmed.ncbi.nlm.nih.gov/30865394	2019	article	False	642	601	15	605	30865394		W3122775396	1
https://openalex.org/W884730407	https://openalex.org/S4306525036	PubMed		False			False	closed			https://pubmed.ncbi.nlm.nih.gov/25390287	2015	article	False	1	31	61	8	25390287		W884730407	1
https://openalex.org/W2767328763	https://openalex.org/S4306525036	PubMed		False			False	closed			https://pubmed.ncbi.nlm.nih.gov/28479546	2017	article	False		73	237	78	28479546		W2767328763	1
https://openalex.org/W2798319138	https://openalex.org/S4306525036	PubMed		False			False	closed			https://pubmed.ncbi.nlm.nih.gov/29678053	2018	article	False		710	247	714	29678053		W2798319138	1
https://openalex.org/W2941941953	https://openalex.org/S4306525036	PubMed		False			False	closed			https://pubmed.ncbi.nlm.nih.gov/30815081	2018	article	False		413	2018	421	30815081		W2941941953	1
https://openalex.org/W2993809376	https://openalex.org/S4306525036	PubMed		False			False	closed			https://pubmed.ncbi.nlm.nih.gov/31496172	2019	article	False	660	1488	15	1495	31496172		W2993809376	1
https://openalex.org/W3007162168	https://openalex.org/S4306525036	PubMed		False			False	closed			https://pubmed.ncbi.nlm.nih.gov/28905546	2017	article	False	574	1576	13	1579	28905546		W3007162168	1
https://openalex.org/W3016598205	https://openalex.org/S4306525036	PubMed		False			False	closed			https://pubmed.ncbi.nlm.nih.gov/32301305	2020	article	False	690	719	16	723	32301305		W3016598205	1
https://openalex.org/W3121430396	https://openalex.org/S4306525036	PubMed		False			False	closed			https://pubmed.ncbi.nlm.nih.gov/33496423	2021	article	False	2		131		33496423		W3121430396	1
https://openalex.org/W3159693074	https://openalex.org/S159005826	Revue médicale suisse	1660-9379	False			False	closed			https://pubmed.ncbi.nlm.nih.gov/33908718	2021	article	False	736	822	17	826	33908718		W3159693074	1
https://openalex.org/W4200458962	https://openalex.org/S4210207276	AIDS	1350-2840	True	publishedVersion	cc-by-nc-nd	True	hybrid	https://journals.lww.com/aidsonline/Fulltext/2021/12010/Neurocognitive_course_at_2_year_follow_up_in_a.7.aspx		https://pubmed.ncbi.nlm.nih.gov/34411034	2021	article	False	15	2469	35	2480	34411034		W4200458962	1
https://openalex.org/W2463371409	https://openalex.org/S4306525036	PubMed		False			False	closed			https://pubmed.ncbi.nlm.nih.gov/27332258	2016	article	False		535	225	9	27332258		W2463371409	1
https://openalex.org/W2604772032	https://openalex.org/S2752854997	Studies in health technology and informatics		True	submittedVersion	cc-by-nc	True	hybrid	https://hal.science/hal-04129912/document		https://pubmed.ncbi.nlm.nih.gov/28186058	2017	article	False		298	234	302	28186058		W2604772032	1
https://openalex.org/W2618834904				True	publishedVersion	cc-by	True	gold	https://link.springer.com/content/pdf/10.1140%2Fepjc%2Fs10052-017-5261-3.pdf		https://pubmed.ncbi.nlm.nih.gov/31997925	2017	article	False	10	692	77	692	31997925		W2618834904	1
https://openalex.org/W2768524706	https://openalex.org/S4306525036	PubMed		False			False	closed			https://pubmed.ncbi.nlm.nih.gov/29178698	2017	article	False	4	179	30	184	29178698		W2768524706	1
https://openalex.org/W2787499665	https://openalex.org/S4306525036	PubMed		False			False	closed			https://pubmed.ncbi.nlm.nih.gov/29854109	2017	article	False		448	2017	457	29854109		W2787499665	1
https://openalex.org/W2790599935	https://openalex.org/S4306525036	PubMed		False			False	closed			https://pubmed.ncbi.nlm.nih.gov/28702959	2017	article	False	2 Suppl. 2	1	31	13	28702959		W2790599935	1
https://openalex.org/W2903025225	https://openalex.org/S4306525036	PubMed		False			False	closed			https://pubmed.ncbi.nlm.nih.gov/30306938	2018	article	False		210	255	214	30306938		W2903025225	1
https://openalex.org/W2911477541	https://openalex.org/S4306525036	PubMed		False			False	closed			https://pubmed.ncbi.nlm.nih.gov/30346672	2018	article	False	5	255	31	260	30346672		W2911477541	1
https://openalex.org/W3011915333	https://openalex.org/S4306525036	PubMed		False			False	closed			https://pubmed.ncbi.nlm.nih.gov/28435758	2017	article	False	3 Suppl 1	42	76	44	28435758		W3011915333	1
https://openalex.org/W3025220376	https://openalex.org/S4306525036	PubMed		False			False	closed			https://pubmed.ncbi.nlm.nih.gov/31066530	2019	article	False	650	976	15	983	31066530		W3025220376	1
https://openalex.org/W3085663843	https://openalex.org/S159005826	Revue médicale suisse	1660-9379	False			False	closed			https://pubmed.ncbi.nlm.nih.gov/32936553	2020	article	False	706	1699	16	1702	32936553		W3085663843	1
https://openalex.org/W3108628728	https://openalex.org/S2754230745	Journal of clinical orthodontics	0022-3875	False			False	closed			https://pubmed.ncbi.nlm.nih.gov/33232297	2020	article	False	9	562	54	569	33232297		W3108628728	1
https://openalex.org/W3123210004							False	closed			https://pubmed.ncbi.nlm.nih.gov/33470573	2021	article	False	722	150	17	154	33470573		W3123210004	1
https://openalex.org/W3136032345	https://openalex.org/S159005826	Revue médicale suisse	1660-9379	False			False	closed			https://pubmed.ncbi.nlm.nih.gov/33755360	2021	article	False	730	521	17	523	33755360		W3136032345	1
https://openalex.org/W3194669931							True	hybrid			https://pubmed.ncbi.nlm.nih.gov/34424866	2021	article	False			Publish Ahead of Print		34424866		W3194669931	1
https://openalex.org/W3210279093	https://openalex.org/S4306500275	Acta bio-medica : Atenei Parmensis		False			False	closed			https://pubmed.ncbi.nlm.nih.gov/34739470	2021	article	False			92		34739470		W3210279093	1
https://openalex.org/W4287183605	https://openalex.org/S4306525036	PubMed		False			False	closed			https://pubmed.ncbi.nlm.nih.gov/35275392	2021	article	False		w20508	151	w20508	35275392		W4287183605	1
https://openalex.org/W2296149544	https://openalex.org/S4306525036	PubMed		False			False	closed			https://pubmed.ncbi.nlm.nih.gov/26262200	2015	article	False		898	216	898	26262200		W2296149544	1
https://openalex.org/W2442253252	https://openalex.org/S4306525036	PubMed		False			False	closed			https://pubmed.ncbi.nlm.nih.gov/26958165	2015	article	False		339	2015	48	26958165		W2442253252	1
https://openalex.org/W2460291208	https://openalex.org/S4306525036	PubMed		False			False	closed			https://pubmed.ncbi.nlm.nih.gov/27381614	2016	article	False	4	495	30	9	27381614		W2460291208	1
https://openalex.org/W2468054424	https://openalex.org/S4306525036	PubMed		False			False	closed			https://pubmed.ncbi.nlm.nih.gov/27071885	2016	article	False		97	221	101	27071885		W2468054424	1
https://openalex.org/W2470562128	https://openalex.org/S4306525036	PubMed		False			False	closed			https://pubmed.ncbi.nlm.nih.gov/26949236	2016	article	False	1	29	17	33	26949236		W2470562128	1
https://openalex.org/W2501995670	https://openalex.org/S4306525036	PubMed		False			False	closed			https://pubmed.ncbi.nlm.nih.gov/27277204	2016	article	False	4	314	68	5	27277204		W2501995670	1
https://openalex.org/W2516426265	https://openalex.org/S4306525036	PubMed		False			False	closed			https://pubmed.ncbi.nlm.nih.gov/27577371	2016	article	False		200	228	4	27577371		W2516426265	1
https://openalex.org/W2548937171	https://openalex.org/S4306525036	PubMed		False			False	closed			https://pubmed.ncbi.nlm.nih.gov/27276723	2016	article	False	515	795	12	8	27276723		W2548937171	1
https://openalex.org/W3119524616				False			False	closed			https://pubmed.ncbi.nlm.nih.gov/25534552	2015	article	False	2	97	32	109	25534552		W3119524616	1
https://openalex.org/W2611703522	https://openalex.org/S2752854997	Studies in health technology and informatics		False			False	closed			https://pubmed.ncbi.nlm.nih.gov/29295175	2017	article	False		644	245	648	29295175		W2611703522	1
https://openalex.org/W2725300482	https://openalex.org/S4306525036	PubMed		False			False	closed			https://pubmed.ncbi.nlm.nih.gov/28627840	2017	article	False	562	981	13	985	28627840		W2725300482	1
https://openalex.org/W2787141509	https://openalex.org/S4306525036	PubMed		False			False	closed			https://pubmed.ncbi.nlm.nih.gov/29295395	2017	article	False		1312	245	1312	29295395		W2787141509	1
https://openalex.org/W3024662906	https://openalex.org/S4306525036	PubMed		False			False	closed			https://pubmed.ncbi.nlm.nih.gov/30512429	2017	article	False	1	25	67	30	30512429		W3024662906	1
https://openalex.org/W2798885768	https://openalex.org/S4306525036	PubMed		False			False	closed			https://pubmed.ncbi.nlm.nih.gov/29678063	2018	article	False		760	247	764	29678063		W2798885768	1
https://openalex.org/W2898697394	https://openalex.org/S4306525036	PubMed		False			False	closed			https://pubmed.ncbi.nlm.nih.gov/29537743	2018	article	False	598	563	14	565	29537743		W2898697394	1
https://openalex.org/W2902755918	https://openalex.org/S4306525036	PubMed		False			False	closed			https://pubmed.ncbi.nlm.nih.gov/30306946	2018	article	False		247	255	251	30306946		W2902755918	1
https://openalex.org/W2948829991	https://openalex.org/S4306525036	PubMed		False			False	closed			https://pubmed.ncbi.nlm.nih.gov/30763000	2019	article	False	638	390	15	392	30763000		W2948829991	1
https://openalex.org/W2973127229	https://openalex.org/S4306525036	PubMed		False			False	closed			https://pubmed.ncbi.nlm.nih.gov/31496178	2019	article	False	660	1521	15	1525	31496178		W2973127229	1
https://openalex.org/W2980758900	https://openalex.org/S4306525036	PubMed		False			False	closed			https://pubmed.ncbi.nlm.nih.gov/30892844	2019	article	False	643	640	15	642	30892844		W2980758900	1
https://openalex.org/W2990570686	https://openalex.org/S4306525036	PubMed		False			False	closed			https://pubmed.ncbi.nlm.nih.gov/31643154	2019	article	False	668	1934	15	1939	31643154		W2990570686	1
https://openalex.org/W2998754844	https://openalex.org/S4306525036	PubMed		False			False	closed			https://pubmed.ncbi.nlm.nih.gov/31663695	2019	article	False	669	1962	15	1966	31663695		W2998754844	1
https://openalex.org/W3023251481	https://openalex.org/S159005826	Revue médicale suisse	1660-9379	False			False	closed			https://pubmed.ncbi.nlm.nih.gov/32374544	2020	article	False	692	951	16	954	32374544		W3023251481	1
https://openalex.org/W3033651330	https://openalex.org/S4306525036	PubMed		False			False	closed			https://pubmed.ncbi.nlm.nih.gov/32520460	2020	article	False	697	1206	16	1209	32520460		W3033651330	1
https://openalex.org/W3096852114	https://openalex.org/S4306402512	HAL (Le Centre pour la Communication Scientifique Directe)		False			True	green	https://ora.ox.ac.uk/objects/uuid:35284213-3aa6-4f97-a680-3897480b34a0/download_file?safe_filename=201021_eRA_publication_rev_v5_CLEAN.pdf&file_format=pdf&type_of_work=Journal+article		https://pubmed.ncbi.nlm.nih.gov/33253107	2020	preprint	False					33253107		W3096852114	1
https://openalex.org/W3096982222	https://openalex.org/S4306525036	PubMed		False			False	closed			https://pubmed.ncbi.nlm.nih.gov/33112515	2020	article	False	712	2031	16	2036	33112515		W3096982222	1
https://openalex.org/W3120606270				False			False	closed			https://pubmed.ncbi.nlm.nih.gov/33439564	2020	article	False	6	331	33	336	33439564		W3120606270	1
https://openalex.org/W3132061938	https://openalex.org/S159005826	Revue médicale suisse	1660-9379	False			False	closed			https://pubmed.ncbi.nlm.nih.gov/33599412	2021	article	False	726	353	17	357	33599412		W3132061938	1
https://openalex.org/W3201113313	https://openalex.org/S159005826	Revue médicale suisse	1660-9379	False			False	closed			https://pubmed.ncbi.nlm.nih.gov/34550651	2021	article	False	751	1597	17	1601	34550651		W3201113313	1
https://openalex.org/W2346896604	https://openalex.org/S4306525036	PubMed		False			False	closed			https://pubmed.ncbi.nlm.nih.gov/27071868	2016	article	False		18	221	22	27071868		W2346896604	1
https://openalex.org/W2168466394	https://openalex.org/S4306525036	PubMed		False			False	closed			https://pubmed.ncbi.nlm.nih.gov/27800499	2015	article	False	4	127	4	129	27800499		W2168466394	1
https://openalex.org/W4226041365							True	bronze			https://pubmed.ncbi.nlm.nih.gov/34980843	2022	article	False	2	93	39	94	34980843		W4226041365	1
https://openalex.org/W829535622	https://openalex.org/S4306525036	PubMed		False			False	closed			https://pubmed.ncbi.nlm.nih.gov/25980883	2015	article	False		283	211	5	25980883		W829535622	1
https://openalex.org/W2635336889	https://openalex.org/S4306525036	PubMed		False			False	closed			https://pubmed.ncbi.nlm.nih.gov/28423834	2017	article	False		456	235	460	28423834		W2635336889	1
https://openalex.org/W2741497499	https://openalex.org/S4306525036	PubMed		False			False	closed			https://pubmed.ncbi.nlm.nih.gov/29180271	2017	article	False	2 Suppl. 2	15	31	22	29180271		W2741497499	1
https://openalex.org/W2769705685	https://openalex.org/S4306525036	PubMed		False			False	closed			https://pubmed.ncbi.nlm.nih.gov/28718602	2017	article	False	554	597	13	601	28718602		W2769705685	1
https://openalex.org/W2775543802	https://openalex.org/S4306525036	PubMed		False			False	closed			https://pubmed.ncbi.nlm.nih.gov/28876714	2017	article	False	573	1544	13	1545	28876714		W2775543802	1
https://openalex.org/W3022805243							False	closed			https://pubmed.ncbi.nlm.nih.gov/29173979	2017	article	False			104		29173979		W3022805243	1
https://openalex.org/W3024289925	https://openalex.org/S4306525036	PubMed		False			False	closed			https://pubmed.ncbi.nlm.nih.gov/28703551	2017	article	False	544-545	117	13	120	28703551		W3024289925	1
https://openalex.org/W3025365189	https://openalex.org/S4306525036	PubMed		False			False	closed			https://pubmed.ncbi.nlm.nih.gov/28721706	2017	article	False	555	647	13	649	28721706		W3025365189	1
https://openalex.org/W3026018155	https://openalex.org/S4306525036	PubMed		False			False	closed			https://pubmed.ncbi.nlm.nih.gov/28721709	2017	article	False	555	660	13	663	28721709		W3026018155	1
https://openalex.org/W2899148825	https://openalex.org/S4306525036	PubMed		False			False	closed			https://pubmed.ncbi.nlm.nih.gov/30379475	2018	article	False	625	1935	14	1941	30379475		W2899148825	1
https://openalex.org/W2913337138	https://openalex.org/S4306525036	PubMed		False			False	closed			https://pubmed.ncbi.nlm.nih.gov/29851319	2018	article	False	609	1123	14	1126	29851319		W2913337138	1
https://openalex.org/W2981248584	https://openalex.org/S4306525036	PubMed		False			False	closed			https://pubmed.ncbi.nlm.nih.gov/30422420	2018	article	False	626	2007	14	2011	30422420		W2981248584	1
https://openalex.org/W2986233194	https://openalex.org/S4306525036	PubMed		False			False	closed			https://pubmed.ncbi.nlm.nih.gov/30969492	2019	article	False	646	786	15	790	30969492		W2986233194	1
https://openalex.org/W2993301687	https://openalex.org/S4306525036	PubMed		False			False	closed			https://pubmed.ncbi.nlm.nih.gov/29668148	2018	article	False	603	843	14	848	29668148		W2993301687	1
https://openalex.org/W3005865779	https://openalex.org/S4306525036	PubMed		False			False	closed			https://pubmed.ncbi.nlm.nih.gov/32049453	2020	article	False	681	314	16	317	32049453		W3005865779	1
https://openalex.org/W3034515127							False	closed			https://pubmed.ncbi.nlm.nih.gov/32560899	2020	article	False			107		32560899		W3034515127	1
https://openalex.org/W3091666103	https://openalex.org/S4306525036	PubMed		False			False	closed			https://pubmed.ncbi.nlm.nih.gov/32997449	2020	article	False	708	1796	16	1800	32997449		W3091666103	1
https://openalex.org/W2953007014	https://openalex.org/S4306525036	PubMed		False			False	closed			https://pubmed.ncbi.nlm.nih.gov/31066524	2019	article	False	650	942	15	946	31066524		W2953007014	1
https://openalex.org/W2989920874	https://openalex.org/S159005826	Revue médicale suisse	1660-9379	False			False	closed			https://pubmed.ncbi.nlm.nih.gov/31617977	2019	article	False	667	1882	15	1886	31617977		W2989920874	1
https://openalex.org/W2990763883	https://openalex.org/S4306525036	PubMed		False			False	closed			https://pubmed.ncbi.nlm.nih.gov/31508912	2019	article	False	662	1608	15	1613	31508912		W2990763883	1
https://openalex.org/W3010669924	https://openalex.org/S4306525036	PubMed		False			False	closed			https://pubmed.ncbi.nlm.nih.gov/32186800	2020	article	False	686	543	16	545	32186800		W3010669924	1
https://openalex.org/W3011224121	https://openalex.org/S4306525036	PubMed		False			False	closed			https://pubmed.ncbi.nlm.nih.gov/31148423	2019	article	False	653	1117	15	1123	31148423		W3011224121	1
https://openalex.org/W3024299840	https://openalex.org/S4306525036	PubMed		False			False	closed			https://pubmed.ncbi.nlm.nih.gov/30916903	2019	article	False	644	662	15	665	30916903		W3024299840	1
https://openalex.org/W3025323271	https://openalex.org/S4306525036	PubMed		False			False	closed			https://pubmed.ncbi.nlm.nih.gov/30785678	2019	article	False	639	444	15	447	30785678		W3025323271	1
https://openalex.org/W3033891172	https://openalex.org/S4306525036	PubMed		False			False	closed			https://pubmed.ncbi.nlm.nih.gov/32520461	2020	article	False	697	1210	16	1213	32520461		W3033891172	1
https://openalex.org/W3093739104	https://openalex.org/S4306525036	PubMed		False			False	closed			https://pubmed.ncbi.nlm.nih.gov/33085253	2020	article	False	711	1974	16	1979	33085253		W3093739104	1
https://openalex.org/W3112969267	https://openalex.org/S159005826	Revue médicale suisse	1660-9379	False			False	closed			https://pubmed.ncbi.nlm.nih.gov/33300698	2020	article	False	718	2383	16	2386	33300698		W3112969267	1
https://openalex.org/W4287128049	https://openalex.org/S4306401280	DOAJ (DOAJ: Directory of Open Access Journals)		False			True	green	https://repositoriosaludmadrid.es//bitstream/20.500.12530/42164/1/PMC6463320.pdf		https://pubmed.ncbi.nlm.nih.gov/30908570	2019	article	False	3	81	20	86	30908570		W4287128049	1
https://openalex.org/W4288026927	https://openalex.org/S4306525036	PubMed		False			False	closed			https://pubmed.ncbi.nlm.nih.gov/31692626	2019	article	False	5	388	72	402	31692626		W4288026927	1
https://openalex.org/W3124177576	https://openalex.org/S159005826	Revue médicale suisse	1660-9379	False			False	closed			https://pubmed.ncbi.nlm.nih.gov/33507657	2021	article	False	723	184	17	187	33507657		W3124177576	1
https://openalex.org/W3136708189	https://openalex.org/S159005826	Revue médicale suisse	1660-9379	False			False	closed			https://pubmed.ncbi.nlm.nih.gov/33755363	2021	article	False	730	534	17	537	33755363		W3136708189	1
https://openalex.org/W3138168201	https://openalex.org/S159005826	Revue médicale suisse	1660-9379	False			False	closed			https://pubmed.ncbi.nlm.nih.gov/33760418	2021	article	False	731	567	17	570	33760418		W3138168201	1
https://openalex.org/W3146552050	https://openalex.org/S159005826	Revue médicale suisse	1660-9379	False			False	closed			https://pubmed.ncbi.nlm.nih.gov/33830704	2021	article	False	733	708	17	711	33830704		W3146552050	1
https://openalex.org/W3152337585	https://openalex.org/S159005826	Revue médicale suisse	1660-9379	False			False	closed			https://pubmed.ncbi.nlm.nih.gov/33793097	2021	article	False	732	610	17	614	33793097		W3152337585	1
https://openalex.org/W3157922136	https://openalex.org/S159005826	Revue médicale suisse	1660-9379	False			False	closed			https://pubmed.ncbi.nlm.nih.gov/33908720	2021	article	False	736	831	17	834	33908720		W3157922136	1
https://openalex.org/W3165422494	https://openalex.org/S159005826	Revue médicale suisse	1660-9379	False			False	closed			https://pubmed.ncbi.nlm.nih.gov/34042335	2021	article	False	740	1010	17	1014	34042335		W3165422494	1
https://openalex.org/W4226105047	https://openalex.org/S4306525036	PubMed		False			False	closed			https://pubmed.ncbi.nlm.nih.gov/34910407	2021	article	False	763	2202	17	2205	34910407		W4226105047	1
https://openalex.org/W2805343961	https://openalex.org/S4306525036	PubMed		False			False	closed			https://pubmed.ncbi.nlm.nih.gov/28686380	2016	article	False	533	1671	12	1675	28686380		W2805343961	1
https://openalex.org/W4292804906	https://openalex.org/S4306525036	PubMed		False			False	closed			https://pubmed.ncbi.nlm.nih.gov/27536052	2016	article	False	2	iv	10	iv	27536052		W4292804906	1
https://openalex.org/W1430114974	https://openalex.org/S4306525036	PubMed		False			False	closed			https://pubmed.ncbi.nlm.nih.gov/25991231	2015	article	False		660	210	2	25991231		W1430114974	1
https://openalex.org/W2294356700	https://openalex.org/S4306525036	PubMed		False			False	closed			https://pubmed.ncbi.nlm.nih.gov/26262319	2015	article	False		1018	216	1018	26262319		W2294356700	1
https://openalex.org/W2338556790	https://openalex.org/S4306525036	PubMed		False			False	closed			https://pubmed.ncbi.nlm.nih.gov/26727731	2015	article	False	494	2110	11	4	26727731		W2338556790	1
https://openalex.org/W2419473409	https://openalex.org/S4306525036	PubMed		False			False	closed			https://pubmed.ncbi.nlm.nih.gov/26035536	2015	article	False			112		26035536		W2419473409	1
https://openalex.org/W2805671728	https://openalex.org/S4306525036	PubMed		False			False	closed			https://pubmed.ncbi.nlm.nih.gov/28686396	2016	article	False	534	1708	12	1712	28686396		W2805671728	1
https://openalex.org/W2808841622	https://openalex.org/S4306525036	PubMed		False			False	closed			https://pubmed.ncbi.nlm.nih.gov/28696598	2016	article	False	538	1923	12	1929	28696598		W2808841622	1
https://openalex.org/W2989579657	https://openalex.org/S4306525036	PubMed		False			False	closed			https://pubmed.ncbi.nlm.nih.gov/28700150	2016	article	False	541	2064	12	2067	28700150		W2989579657	1
https://openalex.org/W3098507361	https://openalex.org/S4306525036	PubMed		False			False	closed			https://pubmed.ncbi.nlm.nih.gov/28700168	2016	article	False	542	2136	12	2136	28700168		W3098507361	1
https://openalex.org/W777002298	https://openalex.org/S4306525036	PubMed		False			False	closed			https://pubmed.ncbi.nlm.nih.gov/25991248	2015	article	False		724	210	8	25991248		W777002298	1
https://openalex.org/W2768735990	https://openalex.org/S4306525036	PubMed		False			False	closed			https://pubmed.ncbi.nlm.nih.gov/28703538	2017	article	False	544-545	58	13	60	28703538		W2768735990	1
https://openalex.org/W2770840506	https://openalex.org/S4306525036	PubMed		False			False	closed			https://pubmed.ncbi.nlm.nih.gov/28708342	2017	article	False	548	323	13	325	28708342		W2770840506	1
https://openalex.org/W2785607000	https://openalex.org/S4306525036	PubMed		False			False	closed			https://pubmed.ncbi.nlm.nih.gov/28862463	2017	article	False	8	e1	38	e4	28862463		W2785607000	1
https://openalex.org/W2809536809	https://openalex.org/S4306525036	PubMed		False			False	closed			https://pubmed.ncbi.nlm.nih.gov/28708357	2017	article	False	549	363	13	366	28708357		W2809536809	1
https://openalex.org/W2810084618	https://openalex.org/S4306525036	PubMed		False			False	closed			https://pubmed.ncbi.nlm.nih.gov/28703979	2017	article	False	547	214	13	214	28703979		W2810084618	1
https://openalex.org/W2890655624	https://openalex.org/S4306525036	PubMed		False			False	closed			https://pubmed.ncbi.nlm.nih.gov/28727347	2017	article	False	559	871	13	873	28727347		W2890655624	1
https://openalex.org/W2908522347	https://openalex.org/S4306525036	PubMed		False			False	closed			https://pubmed.ncbi.nlm.nih.gov/29064196	2017	article	False	579	1792	13	1796	29064196		W2908522347	1
https://openalex.org/W2911508998	https://openalex.org/S4306525036	PubMed		False			False	closed			https://pubmed.ncbi.nlm.nih.gov/29143504	2017	article	False	583	1996	13	2000	29143504		W2911508998	1
https://openalex.org/W2912880725	https://openalex.org/S4306525036	PubMed		False			False	closed			https://pubmed.ncbi.nlm.nih.gov/29071829	2017	article	False	580	1819	13	1819	29071829		W2912880725	1
https://openalex.org/W2912955136	https://openalex.org/S4306525036	PubMed		False			False	closed			https://pubmed.ncbi.nlm.nih.gov/29143505	2017	article	False	583	2001	13	2004	29143505		W2912955136	1
https://openalex.org/W2941048456	https://openalex.org/S4306525036	PubMed		False			False	closed			https://pubmed.ncbi.nlm.nih.gov/29120540	2017	article	False	582	1931	13	1937	29120540		W2941048456	1
https://openalex.org/W3013627720	https://openalex.org/S4306525036	PubMed		False			False	closed			https://pubmed.ncbi.nlm.nih.gov/28853799	2017	article	False	572	1451	13	1452	28853799		W3013627720	1
https://openalex.org/W3024068082	https://openalex.org/S4306525036	PubMed		False			False	closed			https://pubmed.ncbi.nlm.nih.gov/28627843	2017	article	False	562	996	13	1000	28627843		W3024068082	1
https://openalex.org/W3125409371	https://openalex.org/S4306525036	PubMed		False			False	closed			https://pubmed.ncbi.nlm.nih.gov/29071836	2017	article	False	580	1854	13	1857	29071836		W3125409371	1
https://openalex.org/W2913963231	https://openalex.org/S4306525036	PubMed		False			False	closed			https://pubmed.ncbi.nlm.nih.gov/29293013	2018	article	False	1	e1	39	e4	29293013		W2913963231	1
https://openalex.org/W2924567799	https://openalex.org/S4306525036	PubMed		False			False	closed			https://pubmed.ncbi.nlm.nih.gov/30550017	2018	article	False	631	2235	14	2236	30550017		W2924567799	1
https://openalex.org/W2989814666	https://openalex.org/S4306525036	PubMed		False			False	closed			https://pubmed.ncbi.nlm.nih.gov/30427600	2018	article	False	627	2066	14	2069	30427600		W2989814666	1
https://openalex.org/W3024068551	https://openalex.org/S4306525036	PubMed		False			False	closed			https://pubmed.ncbi.nlm.nih.gov/30226671	2018	article	False	617	1556	14	1558	30226671		W3024068551	1
https://openalex.org/W4284973670	https://openalex.org/S4306525036	PubMed		False			False	closed			https://pubmed.ncbi.nlm.nih.gov/35798705	2022	article	False	3	123	35	127	35798705		W4284973670	1
https://openalex.org/W4389801165	https://openalex.org/S4306525036	PubMed		False			False	closed			https://pubmed.ncbi.nlm.nih.gov/38069743	2022	article	False	1-2	8	76	8	38069743		W4389801165	1
https://openalex.org/W2801405218	https://openalex.org/S4306525036	PubMed		False			False	closed			https://pubmed.ncbi.nlm.nih.gov/29668144	2018	article	False	603	826	14	830	29668144		W2801405218	1
https://openalex.org/W2802381738	https://openalex.org/S4306525036	PubMed		False			False	closed			https://pubmed.ncbi.nlm.nih.gov/29380995	2018	article	False	591	246	14	247	29380995		W2802381738	1
https://openalex.org/W2808023190	https://openalex.org/S4306525036	PubMed		False			False	closed			https://pubmed.ncbi.nlm.nih.gov/29412526	2018	article	False	593	327	14	330	29412526		W2808023190	1
https://openalex.org/W2808028979	https://openalex.org/S4306525036	PubMed		False			False	closed			https://pubmed.ncbi.nlm.nih.gov/29745480	2018	article	False	606	963	14	964	29745480		W2808028979	1
https://openalex.org/W2808495034	https://openalex.org/S4306525036	PubMed		False			False	closed			https://pubmed.ncbi.nlm.nih.gov/29745481	2018	article	False	606	966	14	970	29745481		W2808495034	1
https://openalex.org/W2902648763	https://openalex.org/S4306525036	PubMed		False			False	closed			https://pubmed.ncbi.nlm.nih.gov/30306919	2018	article	False		117	255	121	30306919		W2902648763	1
https://openalex.org/W2906324226							False	closed			https://pubmed.ncbi.nlm.nih.gov/30908570	2018	article	False	3	81	20	86	30908570		W2906324226	1
https://openalex.org/W2908571920	https://openalex.org/S4306525036	PubMed		False			False	closed			https://pubmed.ncbi.nlm.nih.gov/30329233	2018	article	False	623	1861	14	1865	30329233		W2908571920	1
https://openalex.org/W2913295795	https://openalex.org/S4306525036	PubMed		False			False	closed			https://pubmed.ncbi.nlm.nih.gov/30257729	2018	article	False	9	577	72	577	30257729		W2913295795	1
https://openalex.org/W2922273041	https://openalex.org/S4306525036	PubMed		False			False	closed			https://pubmed.ncbi.nlm.nih.gov/30346670	2018	article	False	5	243	31	248	30346670		W2922273041	1
https://openalex.org/W2925457011	https://openalex.org/S4306525036	PubMed		False			False	closed			https://pubmed.ncbi.nlm.nih.gov/30865389	2019	article	False	642	574	15	578	30865389		W2925457011	1
https://openalex.org/W2936203007	https://openalex.org/S4306525036	PubMed		False			False	closed			https://pubmed.ncbi.nlm.nih.gov/30329232	2018	article	False	623	1854	14	1858	30329232		W2936203007	1
https://openalex.org/W2942406984	https://openalex.org/S4306525036	PubMed		False			False	closed			https://pubmed.ncbi.nlm.nih.gov/29337444	2018	article	False	588-589	27	14	29	29337444		W2942406984	1
https://openalex.org/W2947534054	https://openalex.org/S4306525036	PubMed		False			False	closed			https://pubmed.ncbi.nlm.nih.gov/31066527	2019	article	False	650	958	15	964	31066527		W2947534054	1
https://openalex.org/W2969956733	https://openalex.org/S4306525036	PubMed		False			False	closed			https://pubmed.ncbi.nlm.nih.gov/30942974	2019	article	False	645	748	15	751	30942974		W2969956733	1
https://openalex.org/W2972943068	https://openalex.org/S4306525036	PubMed		False			False	closed			https://pubmed.ncbi.nlm.nih.gov/31094139	2019	article	False	2	61	32	68	31094139		W2972943068	1
https://openalex.org/W2978504849	https://openalex.org/S4306525036	PubMed		False			False	closed			https://pubmed.ncbi.nlm.nih.gov/30255999	2018	article	False	620	1716	14	1720	30255999		W2978504849	1
https://openalex.org/W2979589056	https://openalex.org/S4306525036	PubMed		False			False	closed			https://pubmed.ncbi.nlm.nih.gov/30763001	2019	article	False	638	394	15	397	30763001		W2979589056	1
https://openalex.org/W2990216650	https://openalex.org/S4306525036	PubMed		False			False	closed			https://pubmed.ncbi.nlm.nih.gov/31553537	2019	article	False	664	1716	15	1719	31553537		W2990216650	1
https://openalex.org/W2991530625	https://openalex.org/S4306525036	PubMed		False			False	closed			https://pubmed.ncbi.nlm.nih.gov/31508915	2019	article	False	662	1629	15	1632	31508915		W2991530625	1
https://openalex.org/W2991562392	https://openalex.org/S4306525036	PubMed		False			False	closed			https://pubmed.ncbi.nlm.nih.gov/31532118	2019	article	False	663	1668	15	1670	31532118		W2991562392	1
https://openalex.org/W2996224775	https://openalex.org/S4306525036	PubMed		False			False	closed			https://pubmed.ncbi.nlm.nih.gov/29537746	2018	article	False	598	578	14	581	29537746		W2996224775	1
https://openalex.org/W3000579777	https://openalex.org/S4306525036	PubMed		False			False	closed			https://pubmed.ncbi.nlm.nih.gov/31920053	2019	article	False	6	281	32	287	31920053		W3000579777	1
https://openalex.org/W3004134609	https://openalex.org/S4306525036	PubMed		False			False	closed			https://pubmed.ncbi.nlm.nih.gov/31840953	2019	article	False	675	2271	15	2272	31840953		W3004134609	1
https://openalex.org/W3007221664	https://openalex.org/S4306525036	PubMed		False			False	closed			https://pubmed.ncbi.nlm.nih.gov/30226655	2018	article	False	618	1588	14	1592	30226655		W3007221664	1
https://openalex.org/W3010398479	https://openalex.org/S4306525036	PubMed		False			False	closed			https://pubmed.ncbi.nlm.nih.gov/31496192	2019	article	False	661	1579	15	1581	31496192		W3010398479	1
https://openalex.org/W3012146935	https://openalex.org/S4306525036	PubMed		False			False	closed			https://pubmed.ncbi.nlm.nih.gov/29877645	2018	article	False	610	1176	14	1178	29877645		W3012146935	1
https://openalex.org/W3024955754	https://openalex.org/S4306525036	PubMed		False			False	closed			https://pubmed.ncbi.nlm.nih.gov/29701433	2018	article	False	604	879	14	882	29701433		W3024955754	1
https://openalex.org/W3025246220	https://openalex.org/S4306525036	PubMed		False			False	closed			https://pubmed.ncbi.nlm.nih.gov/31508911	2019	article	False	662	1603	15	1606	31508911		W3025246220	1
https://openalex.org/W3025955779	https://openalex.org/S4306525036	PubMed		False			False	closed			https://pubmed.ncbi.nlm.nih.gov/30923276	2019	article	False		71	259	76	30923276		W3025955779	1
https://openalex.org/W3038099259	https://openalex.org/S4306525036	PubMed		False			False	closed			https://pubmed.ncbi.nlm.nih.gov/30916902	2019	article	False	644	659	15	660	30916902		W3038099259	1
https://openalex.org/W3041029225	https://openalex.org/S4306525036	PubMed		False			False	closed			https://pubmed.ncbi.nlm.nih.gov/29380988	2018	article	False	591	229	14	230	29380988		W3041029225	1
https://openalex.org/W3082535771	https://openalex.org/S4306525036	PubMed		False			False	closed			https://pubmed.ncbi.nlm.nih.gov/30724519	2019	article	False	636	299	15	300	30724519		W3082535771	1
https://openalex.org/W3089340310	https://openalex.org/S159005826	Revue médicale suisse	1660-9379	False			False	closed			https://pubmed.ncbi.nlm.nih.gov/32997448	2020	article	False	708	1790	16	1795	32997448		W3089340310	1
https://openalex.org/W3090763999	https://openalex.org/S4306525036	PubMed		False			False	closed			https://pubmed.ncbi.nlm.nih.gov/30724540	2019	article	False	637	358	15	361	30724540		W3090763999	1
https://openalex.org/W3106608505	https://openalex.org/S4306525036	PubMed		False			False	closed			https://pubmed.ncbi.nlm.nih.gov/30724508	2019	article	False	636	274	15	275	30724508		W3106608505	1
https://openalex.org/W3121153898	https://openalex.org/S159005826	Revue médicale suisse	1660-9379	False			False	closed			https://pubmed.ncbi.nlm.nih.gov/32997446	2020	article	False	708	1783	16	1784	32997446		W3121153898	1
https://openalex.org/W3121283038	https://openalex.org/S4306525036	PubMed		False			False	closed			https://pubmed.ncbi.nlm.nih.gov/31148428	2019	article	False	653	1152	15	1153	31148428		W3121283038	1
https://openalex.org/W3123537889	https://openalex.org/S4306525036	PubMed		False			False	closed			https://pubmed.ncbi.nlm.nih.gov/31599531	2019	article	False	666	1836	15	1837	31599531		W3123537889	1
https://openalex.org/W3123968682	https://openalex.org/S4306525036	PubMed		False			False	closed			https://pubmed.ncbi.nlm.nih.gov/30724523	2019	article	False	636	308	15	308	30724523		W3123968682	1
https://openalex.org/W3125983792	https://openalex.org/S4306525036	PubMed		False	submittedVersion		False	closed			https://pubmed.ncbi.nlm.nih.gov/31840966	2019	article	False	675	2312	15	2312	31840966		W3125983792	1
https://openalex.org/W4293265189	https://openalex.org/S4306525036	PubMed		False			False	closed			https://pubmed.ncbi.nlm.nih.gov/30629359	2019	article	False	N° 632-633	14	15	16	30629359		W4293265189	1
https://openalex.org/W3005829021	https://openalex.org/S4306525036	PubMed		False			False	closed			https://pubmed.ncbi.nlm.nih.gov/31961078	2020	article	False	676-7	28	16	30	31961078		W3005829021	1
https://openalex.org/W3006041775	https://openalex.org/S4306525036	PubMed		False			False	closed			https://pubmed.ncbi.nlm.nih.gov/31995316	2020	article	False	679	224	16	225	31995316		W3006041775	1
https://openalex.org/W3006823992	https://openalex.org/S4306525036	PubMed		False			False	closed			https://pubmed.ncbi.nlm.nih.gov/32073767	2020	article	False	682	345	16	349	32073767		W3006823992	1
https://openalex.org/W3011568722	https://openalex.org/S4306525036	PubMed		False			False	closed			https://pubmed.ncbi.nlm.nih.gov/32186799	2020	article	False	686	539	16	542	32186799		W3011568722	1
https://openalex.org/W3012250349	https://openalex.org/S4306525036	PubMed		False			False	closed			https://pubmed.ncbi.nlm.nih.gov/32186796	2020	article	False	686	522	16	524	32186796		W3012250349	1
https://openalex.org/W3012719920	https://openalex.org/S4306525036	PubMed		False			False	closed			https://pubmed.ncbi.nlm.nih.gov/32073773	2020	article	False	682	370	16	373	32073773		W3012719920	1
https://openalex.org/W3016654875	https://openalex.org/S4306525036	PubMed		False			False	closed			https://pubmed.ncbi.nlm.nih.gov/32320152	2020	article	False	691	773	16	777	32320152		W3016654875	1
https://openalex.org/W3016688440	https://openalex.org/S4306525036	PubMed		False			False	closed			https://pubmed.ncbi.nlm.nih.gov/32320155	2020	article	False	691	789	16	793	32320155		W3016688440	1
https://openalex.org/W3017366450	https://openalex.org/S4306525036	PubMed		False			False	closed			https://pubmed.ncbi.nlm.nih.gov/32320153	2020	article	False	691	778	16	783	32320153		W3017366450	1
https://openalex.org/W3022916923	https://openalex.org/S4306525036	PubMed		False			False	closed			https://pubmed.ncbi.nlm.nih.gov/31967759	2020	article	False	678	148	16	150	31967759		W3022916923	1
https://openalex.org/W3026449725	https://openalex.org/S4306525036	PubMed		False			False	closed			https://pubmed.ncbi.nlm.nih.gov/32432420	2020	article	False	694	1034	16	1038	32432420		W3026449725	1
https://openalex.org/W3027771609	https://openalex.org/S4306525036	PubMed		False			False	closed			https://pubmed.ncbi.nlm.nih.gov/32432418	2020	article	False	694	1022	16	1025	32432418		W3027771609	1
https://openalex.org/W3029345731	https://openalex.org/S159005826	Revue médicale suisse	1660-9379	False			False	closed			https://pubmed.ncbi.nlm.nih.gov/32432417	2020	article	False	694	1019	16	1020	32432417		W3029345731	1
https://openalex.org/W3030194470	https://openalex.org/S4306525036	PubMed		False			False	closed			https://pubmed.ncbi.nlm.nih.gov/32073766	2020	article	False	682	343	16	343	32073766		W3030194470	1
https://openalex.org/W3086791854							False	closed			https://pubmed.ncbi.nlm.nih.gov/32852176	2020	article	False	703	1522	16	1523	32852176		W3086791854	1
https://openalex.org/W3090720022	https://openalex.org/S4306525036	PubMed		False			False	closed			https://pubmed.ncbi.nlm.nih.gov/32997452	2020	article	False	708	1811	16	1816	32997452		W3090720022	1
https://openalex.org/W3093373147	https://openalex.org/S4306525036	PubMed		False			False	closed			https://pubmed.ncbi.nlm.nih.gov/33058637	2020	article	False	5	514	70	519	33058637		W3093373147	1
https://openalex.org/W3094293425	https://openalex.org/S4306525036	PubMed		False			False	closed			https://pubmed.ncbi.nlm.nih.gov/33085256	2020	article	False	711	1995	16	2000	33085256		W3094293425	1
https://openalex.org/W3099583038	https://openalex.org/S159005826	Revue médicale suisse	1660-9379	False			False	closed			https://pubmed.ncbi.nlm.nih.gov/33206481	2020	article	False	715	2228	16	2231	33206481		W3099583038	1
https://openalex.org/W3101871273							False	closed			https://pubmed.ncbi.nlm.nih.gov/33146967	2020	article	False	713	2140	16	2143	33146967		W3101871273	1
https://openalex.org/W3110687901	https://openalex.org/S159005826	Revue médicale suisse	1660-9379	False			False	closed			https://pubmed.ncbi.nlm.nih.gov/33300696	2020	article	False	718	2372	16	2375	33300696		W3110687901	1
https://openalex.org/W3111116951	https://openalex.org/S159005826	Revue médicale suisse	1660-9379	False			False	closed			https://pubmed.ncbi.nlm.nih.gov/33300697	2020	article	False	718	2378	16	2382	33300697		W3111116951	1
https://openalex.org/W3112614200	https://openalex.org/S159005826	Revue médicale suisse	1660-9379	False			False	closed			https://pubmed.ncbi.nlm.nih.gov/33325657	2020	article	False	719	2411	16	2412	33325657		W3112614200	1
https://openalex.org/W3121805525	https://openalex.org/S4306525036	PubMed		False			False	closed			https://pubmed.ncbi.nlm.nih.gov/31961073	2020	other	False	676-7	4	16	7	31961073		W3121805525	1
https://openalex.org/W3121851929	https://openalex.org/S159005826	Revue médicale suisse	1660-9379	False			False	closed			https://pubmed.ncbi.nlm.nih.gov/33058584	2020	article	False	710	1949	16	1952	33058584		W3121851929	1
https://openalex.org/W3122386649	https://openalex.org/S159005826	Revue médicale suisse	1660-9379	False			False	closed			https://pubmed.ncbi.nlm.nih.gov/33112513	2020	article	False	712	2023	16	2024	33112513		W3122386649	1
https://openalex.org/W3122795435	https://openalex.org/S4306525036	PubMed		False	submittedVersion		False	closed			https://pubmed.ncbi.nlm.nih.gov/32049459	2020	article	False	681	335	16	335	32049459		W3122795435	1
https://openalex.org/W3124069018	https://openalex.org/S159005826	Revue médicale suisse	1660-9379	False			False	closed			https://pubmed.ncbi.nlm.nih.gov/32496714	2020	article	False	696	1180	16		32496714		W3124069018	1
https://openalex.org/W4293191109	https://openalex.org/S4306525036	PubMed		False			False	closed			https://pubmed.ncbi.nlm.nih.gov/32197666	2020	article	False	3	105	74	105	32197666		W4293191109	1
https://openalex.org/W4293191149	https://openalex.org/S4306525036	PubMed		False	submittedVersion		False	closed			https://pubmed.ncbi.nlm.nih.gov/32235142	2020	article	False	4	240	23	241	32235142		W4293191149	1
https://openalex.org/W4293191156	https://openalex.org/S4306525036	PubMed		False	submittedVersion		False	closed			https://pubmed.ncbi.nlm.nih.gov/32235143	2020	article	False	4	242	23	242	32235143		W4293191156	1
https://openalex.org/W3122106787							False	closed			https://pubmed.ncbi.nlm.nih.gov/33507667	2021	article	False	723	230	17	233	33507667		W3122106787	1
https://openalex.org/W3125302593	https://openalex.org/S159005826	Revue médicale suisse	1660-9379	False			False	closed			https://pubmed.ncbi.nlm.nih.gov/33470578	2021	article	False	722	160	17		33470578		W3125302593	1
https://openalex.org/W3126170655				False			False	closed			https://pubmed.ncbi.nlm.nih.gov/33544986	2021	article	False	1	31	34	38	33544986		W3126170655	1
https://openalex.org/W3127536777	https://openalex.org/S159005826	Revue médicale suisse	1660-9379	False			False	closed			https://pubmed.ncbi.nlm.nih.gov/33538139	2021	article	False	724	258	17	262	33538139		W3127536777	1
https://openalex.org/W3128745681	https://openalex.org/S159005826	Revue médicale suisse	1660-9379	False			False	closed			https://pubmed.ncbi.nlm.nih.gov/33538137	2021	article	False	724	248	17	253	33538137		W3128745681	1
https://openalex.org/W3129502942	https://openalex.org/S159005826	Revue médicale suisse	1660-9379	False			False	closed			https://pubmed.ncbi.nlm.nih.gov/33586379	2021	article	False	725	320	17	321	33586379		W3129502942	1
https://openalex.org/W3130887611	https://openalex.org/S159005826	Revue médicale suisse	1660-9379	False			False	closed			https://pubmed.ncbi.nlm.nih.gov/33586378	2021	article	False	725	315	17	319	33586378		W3130887611	1
https://openalex.org/W3131309205	https://openalex.org/S159005826	Revue médicale suisse	1660-9379	False			False	closed			https://pubmed.ncbi.nlm.nih.gov/33586375	2021	article	False	725	303	17	306	33586375		W3131309205	1
https://openalex.org/W3132838863	https://openalex.org/S159005826	Revue médicale suisse	1660-9379	False			False	closed			https://pubmed.ncbi.nlm.nih.gov/33599409	2021	article	False	726	340	17	343	33599409		W3132838863	1
https://openalex.org/W3136093461	https://openalex.org/S159005826	Revue médicale suisse	1660-9379	False			False	closed			https://pubmed.ncbi.nlm.nih.gov/33760422	2021	article	False	731	588	17	591	33760422		W3136093461	1
https://openalex.org/W3136332565	https://openalex.org/S159005826	Revue médicale suisse	1660-9379	False			False	closed			https://pubmed.ncbi.nlm.nih.gov/33755362	2021	article	False	730	529	17	533	33755362		W3136332565	1
https://openalex.org/W3136928804	https://openalex.org/S159005826	Revue médicale suisse	1660-9379	False			False	closed			https://pubmed.ncbi.nlm.nih.gov/33760417	2021	article	False	731	564	17	566	33760417		W3136928804	1
https://openalex.org/W3139007613	https://openalex.org/S159005826	Revue médicale suisse	1660-9379	False			False	closed			https://pubmed.ncbi.nlm.nih.gov/33755361	2021	article	False	730	524	17	528	33755361		W3139007613	1
https://openalex.org/W3139489087							False	closed			https://pubmed.ncbi.nlm.nih.gov/33760419	2021	article	False	731	571	17	575	33760419		W3139489087	1
https://openalex.org/W3144196602							False	closed			https://pubmed.ncbi.nlm.nih.gov/33830702	2021	article	False	733	697	17	701	33830702		W3144196602	1
https://openalex.org/W3156085214	https://openalex.org/S4306525036	PubMed		False			False	closed			https://pubmed.ncbi.nlm.nih.gov/33852209	2021	article	False	734	738	17	743	33852209		W3156085214	1
https://openalex.org/W3160676312	https://openalex.org/S159005826	Revue médicale suisse	1660-9379	False			False	closed			https://pubmed.ncbi.nlm.nih.gov/34009760	2021	article	False	739	999	17	1000	34009760		W3160676312	1
https://openalex.org/W3160961343	https://openalex.org/S159005826	Revue médicale suisse	1660-9379	False			False	closed			https://pubmed.ncbi.nlm.nih.gov/33998192	2021	article	False	738	930	17	933	33998192		W3160961343	1
https://openalex.org/W3161401164	https://openalex.org/S159005826	Revue médicale suisse	1660-9379	False			False	closed			https://pubmed.ncbi.nlm.nih.gov/33998186	2021	article	False	738	903	17	903	33998186		W3161401164	1
https://openalex.org/W3162041127	https://openalex.org/S159005826	Revue médicale suisse	1660-9379	False			False	closed			https://pubmed.ncbi.nlm.nih.gov/33998188	2021	article	False	738	912	17	914	33998188		W3162041127	1
https://openalex.org/W3162503772	https://openalex.org/S159005826	Revue médicale suisse	1660-9379	False			False	closed			https://pubmed.ncbi.nlm.nih.gov/33998187	2021	article	False	738	905	17	909	33998187		W3162503772	1
https://openalex.org/W3162507322	https://openalex.org/S159005826	Revue médicale suisse	1660-9379	False			False	closed			https://pubmed.ncbi.nlm.nih.gov/34009759	2021	article	False	739	995	17	998	34009759		W3162507322	1
https://openalex.org/W3162611642	https://openalex.org/S159005826	Revue médicale suisse	1660-9379	False			False	closed			https://pubmed.ncbi.nlm.nih.gov/33998189	2021	article	False	738	915	17	918	33998189		W3162611642	1
https://openalex.org/W3164830857	https://openalex.org/S159005826	Revue médicale suisse	1660-9379	False			False	closed			https://pubmed.ncbi.nlm.nih.gov/34077036	2021	article	False	741	1062	17	1066	34077036		W3164830857	1
https://openalex.org/W3165178173							False	closed			https://pubmed.ncbi.nlm.nih.gov/34077041	2021	article	False	741	1087	17	1090	34077041		W3165178173	1
https://openalex.org/W3166017466							False	closed			https://pubmed.ncbi.nlm.nih.gov/34106536	2021	article	False	742	1115	17	1117	34106536		W3166017466	1
https://openalex.org/W3166825818	https://openalex.org/S159005826	Revue médicale suisse	1660-9379	False			False	closed			https://pubmed.ncbi.nlm.nih.gov/34106535	2021	article	False	742	1111	17	1114	34106535		W3166825818	1
https://openalex.org/W3173087527	https://openalex.org/S159005826	Revue médicale suisse	1660-9379	False			False	closed			https://pubmed.ncbi.nlm.nih.gov/34106533	2021	article	False	742	1106	17	1107	34106533		W3173087527	1
https://openalex.org/W3174035802							False	closed			https://pubmed.ncbi.nlm.nih.gov/34160917	2021	article	False	744	1210	17	1213	34160917		W3174035802	1
https://openalex.org/W3176511691							True	bronze			https://pubmed.ncbi.nlm.nih.gov/34215432	2021	article	False	12S	S20	108	S25	34215432		W3176511691	1
https://openalex.org/W3194037892							False	closed			https://pubmed.ncbi.nlm.nih.gov/34431637	2021	article	False	747	1428	17	1429	34431637		W3194037892	1
https://openalex.org/W3195848733	https://openalex.org/S159005826	Revue médicale suisse	1660-9379	False			False	closed			https://pubmed.ncbi.nlm.nih.gov/34431641	2021	article	False	747	1432	17		34431641		W3195848733	1
https://openalex.org/W3197281088	https://openalex.org/S159005826	Revue médicale suisse	1660-9379	False			False	closed			https://pubmed.ncbi.nlm.nih.gov/34468092	2021	article	False	748	1435	17		34468092		W3197281088	1
https://openalex.org/W3203316050	https://openalex.org/S159005826	Revue médicale suisse	1660-9379	False			False	closed			https://pubmed.ncbi.nlm.nih.gov/34585859	2021	article	False	752	1635	17	1636	34585859		W3203316050	1
https://openalex.org/W3206637310	https://openalex.org/S159005826	Revue médicale suisse	1660-9379	False			False	closed			https://pubmed.ncbi.nlm.nih.gov/34669289	2021	article	False	755	1767	17	1768	34669289		W3206637310	1
https://openalex.org/W3209798987	https://openalex.org/S159005826	Revue médicale suisse	1660-9379	False			False	closed			https://pubmed.ncbi.nlm.nih.gov/34704683	2021	article	False	756	1855	17	1857	34704683		W3209798987	1
https://openalex.org/W3209994655							False	closed			https://pubmed.ncbi.nlm.nih.gov/34704682	2021	article	False	756	1850	17	1854	34704682		W3209994655	1
https://openalex.org/W3212768344	https://openalex.org/S159005826	Revue médicale suisse	1660-9379	False			False	closed			https://pubmed.ncbi.nlm.nih.gov/34787968	2021	article	False	759	1959	17	1960	34787968		W3212768344	1
https://openalex.org/W3212877497	https://openalex.org/S159005826	Revue médicale suisse	1660-9379	False			False	closed			https://pubmed.ncbi.nlm.nih.gov/34787969	2021	article	False	759	1962	17	1966	34787969		W3212877497	1
https://openalex.org/W3214125022	https://openalex.org/S159005826	Revue médicale suisse	1660-9379	False			False	closed			https://pubmed.ncbi.nlm.nih.gov/34787971	2021	article	False	759	1975	17	1978	34787971		W3214125022	1
https://openalex.org/W3214643192	https://openalex.org/S159005826	Revue médicale suisse	1660-9379	False			False	closed			https://pubmed.ncbi.nlm.nih.gov/34787973	2021	article	False	759	1984	17	1990	34787973		W3214643192	1
https://openalex.org/W3215844459	https://openalex.org/S159005826	Revue médicale suisse	1660-9379	False			False	closed			https://pubmed.ncbi.nlm.nih.gov/34817946	2021	article	False	760	2060	17	2064	34817946		W3215844459	1
https://openalex.org/W4225473874	https://openalex.org/S4306525036	PubMed		False			False	closed			https://pubmed.ncbi.nlm.nih.gov/34910400	2021	article	False	763	2159	17	2159	34910400		W4225473874	1
https://openalex.org/W4225707787	https://openalex.org/S4306525036	PubMed		False			False	closed			https://pubmed.ncbi.nlm.nih.gov/34787971	2021	article	False	759	1975	17	1978	34787971		W4225707787	1
https://openalex.org/W4225723698	https://openalex.org/S4306525036	PubMed		False			False	closed			https://pubmed.ncbi.nlm.nih.gov/34787969	2021	article	False	759	1962	17	1966	34787969		W4225723698	1
https://openalex.org/W4225827156	https://openalex.org/S4306525036	PubMed		False			False	closed			https://pubmed.ncbi.nlm.nih.gov/34910408	2021	article	False	763	2206	17	2208	34910408		W4225827156	1
https://openalex.org/W4225906411	https://openalex.org/S4306525036	PubMed		False			False	closed			https://pubmed.ncbi.nlm.nih.gov/34817946	2021	article	False	760	2060	17	2064	34817946		W4225906411	1
https://openalex.org/W4226061082	https://openalex.org/S4306525036	PubMed		False			False	closed			https://pubmed.ncbi.nlm.nih.gov/34920767	2021	editorial	False	12	1001	75	1001	34920767		W4226061082	1
https://openalex.org/W4226250317	https://openalex.org/S4306525036	PubMed		False			False	closed			https://pubmed.ncbi.nlm.nih.gov/34787968	2021	article	False	759	1959	17	1960	34787968		W4226250317	1
https://openalex.org/W4226421996	https://openalex.org/S4306525036	PubMed		False			False	closed			https://pubmed.ncbi.nlm.nih.gov/34787973	2021	article	False	759	1984	17	1990	34787973		W4226421996	1
https://openalex.org/W4286892492	https://openalex.org/S4306525036	PubMed		False			False	closed			https://pubmed.ncbi.nlm.nih.gov/34704683	2021	article	False					34704683		W4286892492	1
https://openalex.org/W4286892578	https://openalex.org/S4306525036	PubMed		False			False	closed			https://pubmed.ncbi.nlm.nih.gov/34704682	2021	article	False					34704682		W4286892578	1
https://openalex.org/W4286904356	https://openalex.org/S4306525036	PubMed		False			False	closed			https://pubmed.ncbi.nlm.nih.gov/34644020	2021	article	False					34644020		W4286904356	1
https://openalex.org/W4286953485	https://openalex.org/S4306525036	PubMed		False			False	closed			https://pubmed.ncbi.nlm.nih.gov/34585859	2021	article	False					34585859		W4286953485	1
https://openalex.org/W4287020831	https://openalex.org/S4306525036	PubMed		False	submittedVersion		False	closed			https://pubmed.ncbi.nlm.nih.gov/34431641	2021	article	False					34431641		W4287020831	1
https://openalex.org/W4287020871	https://openalex.org/S4306525036	PubMed		False			False	closed			https://pubmed.ncbi.nlm.nih.gov/34431637	2021	article	False					34431637		W4287020871	1
